date,open,high,close,low,volume,price_change,p_change,ma5,ma10,ma20,v_ma5,v_ma10,v_ma20
2016-10-13 15:00:00,3060.57,3064.88,3061.26,3056.69,410980.0,0.69,0.02,3058.88,3058.39,3043.4,384575.0,370091.0,362446.0
2016-10-13 14:00:00,3058.62,3061.48,3060.59,3054.91,270444.0,1.97,0.06,3057.59,3058.21,3040.28,351404.0,361741.0,358380.0
2016-10-13 11:30:00,3055.12,3061.43,3059.29,3052.64,325686.0,4.17,0.14,3056.4,3057.94,3037.2,351096.0,395898.0,354164.0
2016-10-13 10:30:00,3057.97,3063.49,3054.87,3054.67,538120.0,-3.1,-0.1,3056.25,3056.81,3034.5,392297.0,401168.0,350420.0
2016-10-12 15:00:00,3055.33,3058.97,3058.4,3049.0,377643.0,3.07,0.1,3058.43,3055.33,3032.0,373925.0,375619.0,341681.0
2016-10-12 14:00:00,3055.5,3058.76,3054.8,3053.42,245126.0,-0.7,-0.02,3057.9,3053.6,3028.45,355608.0,372230.0,338443.0
2016-10-12 11:30:00,3058.97,3059.24,3054.65,3052.03,268906.0,-4.32,-0.14,3058.84,3050.25,3025.32,372078.0,406941.0,334770.0
2016-10-12 10:30:00,3057.32,3060.47,3058.55,3052.23,531690.0,1.23,0.04,3059.48,3045.27,3022.1,440699.0,413875.0,330979.0
2016-10-11 15:00:00,3056.56,3065.74,3065.74,3056.05,446262.0,9.18,0.3,3057.37,3039.8,3018.88,410040.0,378171.0,322740.0
2016-10-11 14:00:00,3059.55,3059.61,3055.75,3053.54,286055.0,-3.8,-0.12,3052.22,3033.5,3015.49,377312.0,353552.0,319874.0
2016-10-11 11:30:00,3058.63,3061.83,3059.5,3053.62,327474.0,0.87,0.03,3049.3,3028.41,3011.46,388851.0,354801.0,315440.0
2016-10-11 10:30:00,3051.62,3059.54,3057.88,3048.11,612015.0,6.26,0.21,3041.65,3022.35,3007.28,441804.0,355020.0,310645.0
2016-10-10 15:00:00,3039.92,3047.98,3047.98,3038.28,378394.0,8.06,0.27,3031.06,3016.46,3003.29,387052.0,312431.0,299851.0
2016-10-10 14:00:00,3042.18,3044.81,3040.01,3038.54,282624.0,-2.17,-0.07,3022.24,3012.19,2999.93,346301.0,299672.0,305699.0
2016-10-10 11:30:00,3021.66,3042.29,3041.13,3021.3,343750.0,19.47,0.64,3014.79,3008.68,2998.19,329792.0,307743.0,304426.0
2016-10-10 10:30:00,3020.46,3028.49,3021.26,3014.89,592237.0,0.8,0.03,3007.53,3003.31,2996.76,320750.0,304656.0,297701.0
2016-09-30 15:00:00,3004.03,3008.99,3004.94,3001.89,338253.0,0.91,0.03,3003.04,3000.4,2996.14,268236.0,262599.0,291951.0
2016-09-30 14:00:00,3002.81,3006.67,3003.86,3002.79,174643.0,1.05,0.03,3001.86,2998.92,2997.6,237810.0,248083.0,293185.0
2016-09-30 11:30:00,3004.65,3005.33,3002.74,2999.1,200078.0,-1.91,-0.06,3002.15,2997.95,2999.41,253043.0,267310.0,296120.0
2016-09-30 10:30:00,2994.25,3006.05,3004.83,2993.54,298541.0,10.58,0.35,3002.57,2997.47,3001.26,285693.0,286195.0,298631.0
2016-09-29 15:00:00,2998.95,3003.25,2998.83,2996.42,329666.0,-0.12,0.0,2999.09,2994.5,3003.02,288561.0,276079.0,303995.0
2016-09-29 14:00:00,3004.64,3005.77,2999.05,2998.87,186120.0,-5.59,-0.19,2997.77,2992.22,3005.22,256961.0,266269.0,305238.0
2016-09-29 11:30:00,3004.82,3009.01,3005.29,3002.76,250810.0,0.47,0.02,2995.97,2990.12,3007.38,258356.0,287271.0,308227.0
2016-09-29 10:30:00,2992.17,3006.04,3004.86,2992.17,363328.0,12.69,0.42,2993.76,2987.66,3009.52,281577.0,311725.0,310042.0
2016-09-28 15:00:00,2991.69,2994.18,2987.41,2984.32,312883.0,-4.28,-0.14,2992.37,2987.7,3011.58,286697.0,301110.0,317045.0
2016-09-28 14:00:00,2989.7,2994.82,2992.22,2986.76,171665.0,2.52,0.08,2989.91,2990.21,3013.5,263596.0,290745.0,317779.0
2016-09-28 11:30:00,2994.33,2994.78,2990.08,2989.0,193093.0,-4.25,-0.14,2986.68,2991.88,3015.46,275577.0,321304.0,320604.0
2016-09-28 10:30:00,3000.7,3000.7,2994.23,2987.49,366914.0,-6.47,-0.22,2984.28,2996.27,3017.05,316187.0,338288.0,321468.0
2016-09-27 15:00:00,2975.2,2997.89,2997.89,2969.16,388930.0,22.69,0.76,2981.56,3000.87,3018.32,341873.0,324931.0,322533.0
2016-09-27 14:00:00,2975.92,2980.74,2975.14,2973.04,197378.0,-0.78,-0.03,2983.03,3005.05,3019.59,315524.0,311067.0,318957.0
2016-09-27 11:30:00,2977.96,2983.56,2976.07,2974.87,231569.0,-1.89,-0.06,2990.52,3011.54,3021.81,317895.0,331912.0,319728.0
2016-09-27 10:30:00,2974.59,2987.85,2978.06,2973.71,396144.0,3.47,0.12,2997.08,3018.22,3024.2,367031.0,344208.0,320462.0
2016-09-26 15:00:00,3004.94,3006.76,2980.64,2980.3,495345.0,-24.3,-0.81,3008.27,3024.64,3026.29,360389.0,329182.0,321228.0
2016-09-26 14:00:00,3012.2,3013.83,3005.25,3001.02,257182.0,-6.95,-0.23,3020.18,3031.39,3028.55,307989.0,308359.0,312526.0
2016-09-26 11:30:00,3009.09,3017.91,3012.56,3008.89,209234.0,3.47,0.12,3027.07,3035.47,3029.15,306611.0,332979.0,309751.0
2016-09-26 10:30:00,3028.24,3028.24,3008.87,3007.58,477248.0,-19.37,-0.64,3032.56,3036.79,3029.57,345929.0,344812.0,310066.0
2016-09-23 15:00:00,3040.16,3040.19,3034.04,3033.03,362935.0,-6.12,-0.2,3039.36,3039.04,3030.12,321385.0,319905.0,308802.0
2016-09-23 14:00:00,3039.62,3040.61,3040.18,3033.86,233346.0,0.56,0.02,3041.02,3037.83,3028.55,297976.0,304648.0,311665.0
2016-09-23 11:30:00,3039.78,3041.72,3039.71,3034.93,250293.0,-0.07,0.0,3042.6,3035.78,3026.83,308729.0,320135.0,311077.0
2016-09-23 10:30:00,3045.66,3046.8,3040.02,3038.82,405825.0,-5.64,-0.19,3043.87,3034.14,3025.14,359348.0,326847.0,309890.0
2016-09-22 15:00:00,3042.59,3044.5,3042.85,3039.23,354526.0,0.26,0.01,3041.02,3032.09,3023.86,343695.0,307545.0,312720.0
2016-09-22 14:00:00,3048.61,3050.37,3042.32,3041.94,245889.0,-6.29,-0.21,3038.73,3030.18,3022.9,318426.0,296717.0,314226.0
2016-09-22 11:30:00,3045.36,3054.41,3048.1,3044.79,287112.0,2.74,0.09,3034.64,3027.93,3021.63,311320.0,313274.0,314337.0
2016-09-22 10:30:00,3040.32,3046.19,3046.04,3035.18,503386.0,5.72,0.19,3028.96,3025.7,3020.03,331541.0,316693.0,313402.0
2016-09-21 15:00:00,3030.94,3032.45,3025.79,3023.11,327560.0,-5.15,-0.17,3024.4,3022.83,3018.8,294346.0,286523.0,310693.0
2016-09-21 14:00:00,3021.84,3032.06,3031.39,3021.84,228181.0,9.55,0.32,3023.15,3022.36,3018.54,271395.0,275320.0,323028.0
2016-09-21 11:30:00,3019.36,3024.9,3021.87,3019.14,210362.0,2.51,0.08,3021.63,3021.19,3017.14,275008.0,297698.0,330938.0
2016-09-21 10:30:00,3021.58,3027.45,3019.69,3017.66,388215.0,-1.89,-0.06,3021.23,3019.28,3016.8,315228.0,318681.0,339836.0
2016-09-20 15:00:00,3019.06,3023.54,3023.28,3017.48,317414.0,4.22,0.14,3022.45,3017.89,3017.27,301844.0,302019.0,355883.0
2016-09-20 14:00:00,3024.08,3024.51,3019.53,3018.69,212801.0,-4.55,-0.15,3021.26,3016.14,3020.05,278700.0,292933.0,363564.0
2016-09-20 11:30:00,3019.81,3024.0,3023.77,3015.88,246248.0,3.96,0.13,3021.56,3015.64,3023.66,279246.0,317895.0,365225.0
2016-09-20 10:30:00,3027.17,3027.82,3019.88,3018.85,411461.0,-7.29,-0.24,3020.76,3015.63,3027.3,320388.0,331736.0,368680.0
2016-09-19 15:00:00,3018.1,3026.46,3025.8,3015.62,321298.0,7.7,0.26,3017.33,3015.33,3031.05,322135.0,315399.0,376672.0
2016-09-19 14:00:00,3021.02,3023.16,3017.3,3017.3,201690.0,-3.72,-0.12,3013.32,3014.36,3034.56,302193.0,310111.0,382116.0
2016-09-19 11:30:00,3019.46,3021.05,3021.05,3015.8,215534.0,1.59,0.05,3011.02,3014.76,3038.23,307166.0,334863.0,384925.0
2016-09-19 10:30:00,3005.32,3023.36,3019.77,3005.32,451958.0,14.45,0.48,3009.71,3014.72,3041.71,356543.0,370735.0,387707.0
2016-09-14 15:00:00,3005.88,3007.03,3002.73,2995.69,420194.0,-3.15,-0.1,3010.5,3013.08,3045.3,343084.0,364179.0,390014.0
2016-09-14 14:00:00,3005.8,3010.34,3005.76,3002.15,221589.0,-0.04,0.0,3013.33,3014.33,3049.78,308663.0,360991.0,391942.0
2016-09-14 11:30:00,3014.94,3016.09,3005.77,3005.41,226554.0,-9.17,-0.3,3015.39,3016.65,3054.51,318029.0,409747.0,395919.0
2016-09-14 10:30:00,3008.9,3017.87,3014.54,2999.32,462422.0,5.64,0.19,3018.51,3023.96,3059.29,362559.0,434195.0,403510.0
2016-09-13 15:00:00,3016.95,3024.38,3023.68,3012.48,384660.0,6.73,0.22,3019.72,3031.68,3063.72,384927.0,412556.0,416881.0
2016-09-13 14:00:00,3016.15,3018.99,3016.88,3008.87,248092.0,0.73,0.02,3015.67,3038.97,3067.09,385273.0,405625.0,426037.0
2016-09-13 11:30:00,3021.13,3023.97,3016.09,3012.68,268416.0,-5.04,-0.17,3015.33,3046.76,3070.74,413319.0,437944.0,431641.0
2016-09-13 10:30:00,3025.03,3029.57,3021.38,3015.63,449206.0,-3.65,-0.12,3017.9,3054.76,3073.58,501465.0,454122.0,431776.0
2016-09-12 15:00:00,3003.66,3023.91,3020.59,3002.24,574261.0,16.93,0.56,3029.4,3061.69,3075.69,505831.0,434988.0,435653.0
2016-09-12 14:00:00,3015.13,3016.2,3003.41,2999.93,386392.0,-11.72,-0.39,3043.63,3068.7,3078.25,440185.0,404678.0,425394.0
2016-09-12 11:30:00,3028.3,3032.99,3015.17,3013.6,388322.0,-13.13,-0.43,3062.28,3077.52,3081.72,425976.0,415849.0,416983.0
2016-09-12 10:30:00,3037.51,3040.76,3028.96,3024.14,709144.0,-8.55,-0.28,3078.2,3085.24,3084.63,462569.0,422892.0,412624.0
2016-09-09 15:00:00,3091.69,3092.85,3078.89,3078.27,471037.0,-12.8,-0.41,3091.61,3092.36,3087.35,406779.0,382091.0,405086.0
2016-09-09 14:00:00,3096.53,3098.51,3091.7,3091.7,246029.0,-4.83,-0.16,3093.97,3094.63,3086.77,364146.0,372824.0,404295.0
2016-09-09 11:30:00,3094.35,3098.96,3096.66,3089.41,315349.0,2.31,0.07,3093.77,3095.75,3085.03,369171.0,421207.0,406203.0
2016-09-09 10:30:00,3095.43,3101.66,3094.78,3093.12,571285.0,-0.65,-0.02,3092.76,3095.2,3083.35,405722.0,446450.0,414213.0
2016-09-08 15:00:00,3090.94,3096.19,3096.02,3084.0,430193.0,5.08,0.16,3092.29,3094.71,3082.53,383215.0,425339.0,398370.0
2016-09-08 14:00:00,3091.08,3096.68,3090.69,3088.93,257872.0,-0.39,-0.01,3093.12,3092.41,3081.77,357402.0,409431.0,392977.0
2016-09-08 11:30:00,3091.36,3092.88,3090.71,3086.35,271158.0,-0.65,-0.02,3095.28,3089.69,3081.43,381503.0,436318.0,404835.0
2016-09-08 10:30:00,3089.96,3093.82,3091.62,3087.24,498103.0,1.66,0.05,3097.74,3087.79,3081.18,473242.0,446109.0,408425.0
2016-09-07 15:00:00,3100.56,3102.61,3092.4,3087.94,458749.0,-8.16,-0.26,3097.64,3085.93,3080.59,487177.0,418117.0,396684.0
2016-09-07 14:00:00,3101.74,3105.05,3100.18,3099.05,301130.0,-1.56,-0.05,3097.13,3084.01,3080.13,467462.0,402356.0,388921.0
2016-09-07 11:30:00,3103.87,3105.68,3101.5,3099.39,378374.0,-2.37,-0.08,3091.69,3082.33,3078.44,461459.0,428082.0,398940.0
2016-09-07 10:30:00,3091.33,3104.1,3102.99,3088.99,729854.0,11.66,0.38,3084.1,3078.92,3077.17,491133.0,435766.0,399682.0
2016-09-06 15:00:00,3089.67,3095.48,3091.13,3082.67,567779.0,1.46,0.05,3077.84,3074.31,3075.78,418976.0,391200.0,377414.0
2016-09-06 14:00:00,3072.86,3089.83,3089.83,3070.96,360174.0,16.97,0.55,3074.21,3071.49,3074.77,349056.0,381977.0,361852.0
2016-09-06 11:30:00,3063.16,3073.01,3073.01,3060.01,271112.0,9.85,0.32,3070.9,3070.36,3073.83,337250.0,371401.0,367226.0
2016-09-06 10:30:00,3071.06,3073.0,3063.53,3053.23,526744.0,-7.53,-0.25,3072.96,3071.13,3073.7,394706.0,376524.0,370724.0
2016-09-05 15:00:00,3073.26,3076.14,3071.72,3067.36,369073.0,-1.54,-0.05,3073.74,3073.17,3073.67,380399.0,373352.0,358014.0
2016-09-05 14:00:00,3073.47,3076.93,3072.96,3070.72,218177.0,-0.51,-0.02,3070.78,3074.56,3073.68,363423.0,370741.0,355589.0
2016-09-05 11:30:00,3083.41,3083.94,3073.27,3071.57,301144.0,-10.14,-0.33,3068.77,3075.26,3073.37,414898.0,375252.0,370050.0
2016-09-05 10:30:00,3071.48,3085.38,3083.33,3065.5,558392.0,11.85,0.39,3069.83,3076.26,3073.21,405552.0,375487.0,374809.0
2016-09-02 15:00:00,3056.73,3068.03,3067.42,3050.96,455208.0,10.69,0.35,3069.3,3074.56,3072.77,358343.0,369798.0,360991.0
2016-09-02 14:00:00,3065.52,3066.43,3056.92,3053.75,284193.0,-8.6,-0.28,3072.6,3075.42,3073.7,366305.0,363598.0,353721.0
2016-09-01 15:00:00,3078.18,3082.57,3062.9,3062.9,475554.0,-15.28,-0.5,3078.34,3077.25,3074.87,378060.0,363628.0,364833.0
2016-09-01 14:00:00,3080.71,3082.16,3078.57,3075.63,254412.0,-2.14,-0.07,3081.74,3078.05,3075.16,335606.0,341727.0,361031.0
2016-09-01 11:30:00,3084.29,3084.48,3080.67,3073.3,322347.0,-3.62,-0.12,3082.69,3077.3,3074.21,345421.0,363052.0,359150.0
2016-09-01 10:30:00,3083.96,3088.54,3083.93,3079.88,495019.0,-0.03,0.0,3079.83,3076.27,3072.79,381254.0,364924.0,363591.0
2016-08-31 15:00:00,3079.93,3085.7,3085.65,3076.7,342969.0,5.72,0.19,3078.25,3074.17,3071.69,360890.0,342675.0,374397.0
2016-08-31 14:00:00,3083.58,3087.64,3079.9,3079.68,263282.0,-3.68,-0.12,3076.16,3072.79,3071.68,349196.0,340436.0,377319.0
2016-08-31 11:30:00,3066.82,3083.38,3083.28,3065.67,303490.0,16.46,0.54,3074.36,3071.49,3072.32,347849.0,364848.0,376864.0
2016-08-31 10:30:00,3073.61,3076.57,3066.38,3063.4,501511.0,-7.23,-0.24,3071.91,3070.16,3072.61,380682.0,374132.0,376815.0
2016-08-30 15:00:00,3074.54,3077.34,3076.02,3067.54,393199.0,1.48,0.05,3072.7,3070.98,3073.82,348593.0,352184.0,376595.0
2016-08-30 14:00:00,3071.37,3082.67,3075.22,3069.75,284499.0,3.85,0.13,3070.09,3071.98,3074.53,324460.0,343845.0,380433.0
2016-08-30 11:30:00,3072.3,3072.39,3070.91,3066.02,256544.0,-1.39,-0.05,3069.43,3072.49,3075.13,331677.0,366038.0,379036.0
2016-08-30 10:30:00,3071.44,3077.32,3071.0,3069.04,467656.0,-0.44,-0.01,3068.61,3072.26,3076.2,381848.0,380334.0,381612.0
2016-08-29 15:00:00,3063.26,3072.47,3070.37,3062.54,341067.0,7.11,0.23,3068.41,3071.12,3077.47,367583.0,355248.0,387092.0
2016-08-29 14:00:00,3071.81,3073.09,3062.97,3060.36,272536.0,-8.84,-0.29,3069.26,3069.32,3078.2,355774.0,362258.0,394536.0
2016-08-29 11:30:00,3066.94,3074.94,3071.9,3066.42,320580.0,4.96,0.16,3073.86,3069.21,3080.17,363229.0,406118.0,395267.0
2016-08-29 10:30:00,3068.3,3070.04,3066.81,3058.97,507400.0,-1.49,-0.05,3075.54,3070.57,3081.0,400398.0,414202.0,398267.0
2016-08-26 15:00:00,3074.99,3080.06,3069.98,3064.18,396330.0,-5.01,-0.16,3075.92,3073.15,3082.6,378820.0,388880.0,407592.0
2016-08-26 14:00:00,3085.74,3087.33,3074.66,3074.05,282025.0,-11.08,-0.36,3073.84,3075.06,3084.53,342913.0,379497.0,418761.0
2016-08-26 11:30:00,3080.81,3087.39,3085.96,3078.62,309811.0,5.15,0.17,3069.37,3076.66,3085.6,368742.0,401007.0,420202.0
2016-08-26 10:30:00,3069.85,3081.14,3080.31,3068.2,506426.0,10.46,0.34,3064.55,3077.07,3085.77,449007.0,417021.0,423941.0
2016-08-25 15:00:00,3058.67,3072.12,3068.68,3052.03,399510.0,10.01,0.33,3065.6,3077.78,3086.6,428006.0,392034.0,429923.0
2016-08-25 14:00:00,3052.81,3060.02,3059.57,3050.76,216794.0,6.76,0.22,3070.37,3080.14,3088.4,398940.0,382890.0,437003.0
2016-08-25 11:30:00,3061.71,3062.71,3052.33,3041.51,411170.0,-9.38,-0.31,3076.28,3083.82,3090.92,416080.0,418935.0,452648.0
2016-08-25 10:30:00,3073.44,3073.44,3061.85,3049.6,711134.0,-11.59,-0.38,3083.95,3087.09,3094.44,433272.0,426813.0,455045.0
2016-08-24 15:00:00,3091.89,3093.66,3085.56,3079.56,401420.0,-6.33,-0.2,3089.6,3091.14,3096.95,385035.0,384417.0,457512.0
2016-08-24 14:00:00,3088.88,3095.19,3092.55,3086.23,254183.0,3.67,0.12,3089.96,3091.42,3098.2,356063.0,382331.0,464029.0
2016-08-24 11:30:00,3089.81,3090.04,3089.13,3079.71,302495.0,-0.68,-0.02,3089.91,3092.06,3099.13,366839.0,426303.0,470245.0
2016-08-24 10:30:00,3092.02,3096.99,3090.64,3086.64,497130.0,-1.38,-0.04,3091.37,3093.99,3099.87,421790.0,458026.0,478213.0
2016-08-23 15:00:00,3087.47,3093.4,3090.12,3073.73,469948.0,2.65,0.09,3090.23,3094.54,3100.39,420353.0,439397.0,491576.0
2016-08-23 14:00:00,3091.5,3095.06,3087.38,3086.73,256559.0,-4.12,-0.13,3092.67,3094.47,3101.4,383798.0,430862.0,497959.0
2016-08-23 11:30:00,3096.31,3101.11,3092.28,3092.14,308062.0,-4.03,-0.13,3092.88,3095.42,3102.64,408600.0,467813.0,506380.0
2016-08-23 10:30:00,3081.57,3101.03,3096.41,3081.57,577253.0,14.84,0.48,3094.21,3096.66,3103.48,485767.0,491116.0,522572.0
2016-08-22 15:00:00,3101.93,3102.84,3084.96,3083.69,489945.0,-16.97,-0.55,3096.62,3098.0,3104.8,494262.0,486362.0,549993.0
2016-08-22 14:00:00,3088.37,3104.37,3102.33,3087.87,287171.0,13.96,0.45,3098.84,3101.79,3106.8,458441.0,483278.0,557400.0
2016-08-22 11:30:00,3099.01,3099.01,3088.43,3086.02,380568.0,-10.58,-0.34,3096.28,3102.77,3108.14,477925.0,530608.0,578377.0
2016-08-22 10:30:00,3107.38,3112.66,3098.9,3097.45,693899.0,-8.48,-0.27,3097.95,3104.97,3109.81,527025.0,545727.0,592802.0
2016-08-19 15:00:00,3096.59,3113.01,3108.48,3094.47,619725.0,11.89,0.38,3099.11,3106.19,3108.87,496465.0,514186.0,605919.0
2016-08-19 14:00:00,3090.07,3098.58,3096.07,3089.03,310841.0,6.0,0.19,3099.39,3105.74,3105.96,478462.0,498401.0,609287.0
2016-08-19 11:30:00,3097.53,3098.87,3089.5,3082.86,384592.0,-8.03,-0.26,3104.74,3106.24,3102.25,508115.0,543754.0,610159.0
2016-08-19 10:30:00,3100.12,3105.22,3096.82,3091.24,626070.0,-3.3,-0.11,3109.27,3108.33,3098.26,583291.0,565056.0,603840.0
2016-08-18 15:00:00,3109.61,3111.46,3104.69,3093.35,541099.0,-4.92,-0.16,3111.98,3109.86,3093.83,564428.0,544948.0,592738.0
2016-08-18 14:00:00,3122.16,3125.17,3109.87,3099.55,529706.0,-12.29,-0.39,3113.28,3110.3,3088.72,531907.0,554028.0,588634.0
2016-08-18 11:30:00,3112.94,3122.82,3122.82,3105.53,459109.0,9.88,0.32,3112.09,3111.6,3084.58,518340.0,613625.0,575030.0
2016-08-18 10:30:00,3107.71,3125.58,3112.15,3107.71,760471.0,4.44,0.14,3107.73,3111.82,3079.52,579393.0,631521.0,564828.0
2016-08-17 15:00:00,3110.8,3113.57,3110.38,3102.46,531756.0,-0.42,-0.01,3107.39,3113.5,3074.7,546822.0,626145.0,559075.0
2016-08-17 14:00:00,3104.09,3112.93,3111.16,3101.61,378493.0,7.07,0.23,3107.73,3114.64,3070.14,525468.0,639877.0,552337.0
2016-08-17 11:30:00,3101.08,3105.7,3103.96,3090.28,461872.0,2.88,0.09,3107.33,3111.55,3065.51,576148.0,697652.0,548717.0
2016-08-17 10:30:00,3106.99,3113.96,3101.02,3096.37,764371.0,-5.97,-0.19,3111.1,3106.18,3061.45,708910.0,720173.0,543279.0
2016-08-16 15:00:00,3111.88,3119.24,3110.43,3106.25,597617.0,-1.45,-0.05,3115.9,3098.26,3057.79,683650.0,676563.0,534495.0
2016-08-16 14:00:00,3108.95,3116.31,3112.1,3106.63,424987.0,3.15,0.1,3119.62,3088.2,3053.55,705468.0,642624.0,528194.0
2016-08-16 11:30:00,3122.72,3122.98,3109.16,3102.49,631895.0,-13.56,-0.43,3121.55,3077.8,3048.91,754286.0,640528.0,525295.0
2016-08-16 10:30:00,3130.53,3139.92,3122.79,3120.52,1125680.0,-7.74,-0.25,3115.76,3067.13,3044.08,819155.0,623239.0,509854.0
2016-08-15 15:00:00,3128.99,3133.43,3125.03,3121.5,638071.0,-3.96,-0.13,3101.26,3057.57,3038.08,731436.0,536435.0,480225.0
2016-08-15 14:00:00,3122.3,3137.48,3129.0,3122.3,706709.0,6.7,0.21,3080.63,3047.21,3032.01,669477.0,498135.0,470650.0
2016-08-15 11:30:00,3079.9,3122.27,3121.78,3079.9,669073.0,41.88,1.36,3056.77,3035.89,3025.21,579781.0,492004.0,448172.0
2016-08-15 10:30:00,3056.48,3086.99,3080.2,3054.12,956244.0,23.72,0.78,3034.04,3025.64,3018.33,526770.0,464797.0,429863.0
2016-08-12 15:00:00,3022.02,3050.3,3050.3,3021.54,687084.0,28.28,0.94,3018.51,3019.48,3013.09,427324.0,399782.0,409443.0
2016-08-12 14:00:00,3009.71,3027.34,3021.86,3004.43,328273.0,12.15,0.4,3013.87,3016.71,3009.45,341434.0,366385.0,393669.0
2016-08-12 11:30:00,3008.45,3017.3,3009.73,3006.06,258229.0,1.28,0.04,3013.8,3017.32,3007.63,326793.0,392426.0,391455.0
2016-08-12 10:30:00,3000.23,3010.9,3008.12,2999.31,404018.0,7.89,0.26,3015.01,3018.91,3006.11,404228.0,413764.0,391997.0
2016-08-11 15:00:00,3027.41,3028.07,3002.52,3001.18,459015.0,-24.89,-0.82,3017.23,3020.03,3004.89,402825.0,410063.0,396409.0
2016-08-11 14:00:00,3021.44,3029.14,3027.12,3016.01,257637.0,5.68,0.19,3020.45,3021.02,3003.89,372241.0,396468.0,391240.0
2016-08-11 11:30:00,3015.74,3026.02,3021.5,3014.59,255066.0,5.76,0.19,3019.56,3018.59,3001.3,391336.0,424015.0,389666.0
2016-08-11 10:30:00,3013.68,3037.92,3015.8,3011.85,645404.0,2.12,0.07,3020.85,3016.81,2998.86,458060.0,443165.0,391074.0
2016-08-10 15:00:00,3018.59,3025.28,3019.2,3017.11,397004.0,0.61,0.02,3022.81,3014.52,2996.4,423299.0,404341.0,382458.0
2016-08-10 14:00:00,3022.76,3028.37,3018.62,3018.62,306092.0,-4.14,-0.14,3022.83,3011.02,2994.36,417300.0,394928.0,382434.0
2016-08-10 11:30:00,3028.24,3033.05,3022.67,3022.19,353114.0,-5.57,-0.18,3021.6,3006.71,2992.18,420694.0,419105.0,379962.0
2016-08-10 10:30:00,3023.47,3029.89,3027.95,3018.33,588685.0,4.48,0.15,3017.62,3002.18,2990.04,456694.0,420953.0,375727.0
2016-08-09 15:00:00,3019.82,3025.61,3025.61,3014.19,471602.0,5.79,0.19,3012.77,2997.94,2987.3,428270.0,390484.0,370667.0
2016-08-09 14:00:00,3012.84,3024.62,3019.32,3012.5,367008.0,6.48,0.22,3006.24,2993.31,2984.57,385382.0,370231.0,365742.0
2016-08-09 11:30:00,3002.4,3012.51,3012.45,3002.4,323064.0,10.05,0.33,2999.2,2989.74,2981.26,372555.0,382755.0,357725.0
2016-08-09 10:30:00,3001.31,3007.8,3002.77,2998.75,533110.0,1.46,0.05,2991.82,2986.75,2978.32,417515.0,386013.0,351689.0
2016-08-08 15:00:00,2992.71,3004.35,3003.71,2990.68,446565.0,11.0,0.37,2986.74,2984.01,2975.86,385213.0,355318.0,341815.0
2016-08-08 14:00:00,2984.44,2993.02,2992.94,2983.95,257163.0,8.5,0.28,2983.1,2980.92,2973.0,352697.0,338984.0,331618.0
2016-08-08 11:30:00,2975.82,2987.0,2984.14,2975.79,302875.0,8.32,0.28,2980.39,2978.27,2970.48,355079.0,360576.0,332061.0
2016-08-08 10:30:00,2972.62,2975.56,2975.56,2959.05,547861.0,2.94,0.1,2980.28,2977.71,2968.77,392956.0,369940.0,348282.0
2016-08-05 15:00:00,2985.33,2985.8,2977.37,2975.05,371599.0,-7.96,-0.27,2981.67,2977.64,2968.97,354511.0,340819.0,341770.0
2016-08-05 14:00:00,2979.38,2991.53,2985.49,2977.02,283989.0,6.11,0.21,2981.28,2977.9,2969.67,325423.0,330500.0,333987.0
2016-08-05 11:30:00,2983.94,2983.94,2979.38,2973.97,269073.0,-4.56,-0.15,2978.74,2976.67,2969.98,325270.0,350851.0,336368.0
2016-08-05 10:30:00,2978.78,2986.85,2983.59,2971.64,492256.0,4.81,0.16,2976.16,2975.82,2970.68,366072.0,361253.0,349557.0
2016-08-04 15:00:00,2975.2,2982.53,2982.53,2973.35,355636.0,7.33,0.25,2975.14,2972.78,2971.25,346924.0,332695.0,347238.0
2016-08-04 14:00:00,2972.66,2977.38,2975.42,2969.97,226163.0,2.76,0.09,2973.62,2969.9,2971.23,327128.0,317365.0,346572.0
2016-08-04 11:30:00,2966.59,2972.84,2972.78,2959.2,283221.0,6.19,0.21,2974.53,2967.71,2971.15,335577.0,328312.0,362097.0
2016-08-04 10:30:00,2976.37,2978.84,2966.49,2961.7,473086.0,-9.88,-0.33,2974.59,2965.09,2972.49,376432.0,324253.0,376888.0
2016-08-03 15:00:00,2974.56,2978.66,2978.46,2968.2,396512.0,3.9,0.13,2975.49,2962.68,2973.73,356435.0,303546.0,388605.0
2016-08-03 14:00:00,2980.15,2981.15,2974.93,2973.63,256656.0,-5.22,-0.18,2970.42,2959.83,2973.4,318466.0,326625.0,413105.0
2016-08-03 11:30:00,2972.27,2979.97,2979.97,2967.28,268408.0,7.7,0.26,2966.17,2960.3,2974.74,307602.0,342721.0,429052.0
2016-08-03 10:30:00,2963.23,2978.5,2973.11,2957.01,487499.0,9.88,0.33,2960.88,2961.44,2978.37,321047.0,337475.0,447091.0
2016-08-02 15:00:00,2952.99,2971.13,2970.96,2952.65,373098.0,17.97,0.61,2955.58,2963.29,2982.24,272074.0,321885.0,447608.0
2016-08-02 14:00:00,2954.13,2956.12,2953.14,2946.75,206672.0,-0.99,-0.03,2949.87,2965.53,2985.5,250658.0,337861.0,442676.0
2016-08-02 11:30:00,2949.96,2959.75,2953.69,2948.7,202333.0,3.73,0.13,2949.25,2969.72,2989.31,334783.0,361780.0,445690.0
2016-08-01 15:00:00,2946.16,2960.87,2953.52,2946.16,335632.0,7.36,0.25,2954.44,2972.56,2993.18,377839.0,375778.0,461874.0
2016-08-01 14:00:00,2942.27,2948.31,2946.61,2931.96,242637.0,4.34,0.15,2962.0,2974.6,2996.33,353903.0,395882.0,465510.0
2016-08-01 11:30:00,2950.31,2954.17,2942.37,2937.52,266014.0,-7.94,-0.27,2970.99,2979.89,2999.68,371696.0,429522.0,466748.0
2016-08-01 10:30:00,2971.82,2972.88,2950.05,2940.99,627299.0,-21.77,-0.73,2981.19,2984.78,3003.55,425064.0,473664.0,467556.0
2016-07-29 15:00:00,2990.87,2991.92,2979.63,2973.04,417615.0,-11.24,-0.38,2990.19,2986.96,3007.13,388777.0,499584.0,460307.0
2016-07-29 14:00:00,2992.97,2994.29,2991.33,2985.84,215948.0,-1.64,-0.05,2990.68,2989.17,3008.8,373717.0,515383.0,462919.0
2016-07-29 11:30:00,2993.55,2994.04,2991.58,2979.5,331605.0,-1.97,-0.07,2987.21,2995.29,3010.41,437862.0,556707.0,467082.0
2016-07-29 10:30:00,2992.54,2999.77,2993.35,2985.11,532854.0,0.81,0.03,2988.79,3001.2,3011.77,487348.0,573330.0,465204.0
2016-07-28 15:00:00,2982.85,3000.78,2995.07,2981.62,445865.0,12.22,0.41,2988.38,3005.47,3013.47,522264.0,547491.0,466181.0
2016-07-28 14:00:00,2973.59,2989.17,2982.07,2970.43,342314.0,8.48,0.29,2983.73,3008.9,3015.67,610391.0,529600.0,465779.0
2016-07-28 11:30:00,2999.46,3003.23,2973.96,2968.18,536670.0,-25.5,-0.85,2987.66,3013.79,3018.85,657049.0,547970.0,465306.0
2016-07-28 10:30:00,2980.5,3000.33,2999.52,2971.24,579037.0,19.02,0.64,3003.38,3018.06,3022.59,675553.0,535137.0,456567.0
2016-07-27 15:00:00,2972.1,2992.01,2991.29,2956.62,707435.0,19.19,0.65,3013.6,3019.46,3024.28,659312.0,503973.0,452566.0
2016-07-27 14:00:00,3000.79,3000.79,2971.83,2939.23,886500.0,-28.96,-0.97,3022.55,3022.32,3026.15,572717.0,461447.0,438253.0
2016-07-27 11:30:00,3052.61,3053.57,3001.71,3001.71,575602.0,-50.9,-1.67,3034.07,3027.29,3029.09,448810.0,421030.0,406824.0
2016-07-27 10:30:00,3050.37,3057.42,3052.57,3046.97,629191.0,2.2,0.07,3039.93,3028.44,3030.79,438891.0,410455.0,390962.0
2016-07-26 15:00:00,3036.41,3050.58,3050.58,3036.25,497833.0,14.17,0.47,3032.74,3025.53,3029.79,394722.0,377457.0,381695.0
2016-07-26 14:00:00,3029.51,3036.74,3036.07,3029.46,274460.0,6.56,0.22,3025.32,3022.35,3029.1,348634.0,357078.0,377112.0
2016-07-26 11:30:00,3030.91,3035.08,3029.43,3027.21,266961.0,-1.48,-0.05,3022.1,3021.47,3028.58,350177.0,384872.0,378323.0
2016-07-26 10:30:00,3014.17,3035.28,3030.98,3013.8,526012.0,16.81,0.56,3020.52,3022.43,3028.21,393251.0,401958.0,379190.0
2016-07-25 15:00:00,3013.17,3016.63,3016.63,3003.45,408344.0,3.46,0.11,3016.95,3023.9,3028.08,382019.0,382641.0,380989.0
2016-07-25 14:00:00,3019.94,3021.27,3013.49,3010.2,267394.0,-6.45,-0.21,3018.31,3027.12,3029.46,360193.0,377996.0,382529.0
2016-07-25 11:30:00,3021.24,3027.05,3019.96,3018.06,282172.0,-1.28,-0.04,3019.39,3029.09,3031.5,365522.0,401160.0,384046.0
2016-07-25 10:30:00,3008.09,3022.68,3021.53,3004.35,482333.0,13.44,0.45,3020.85,3029.98,3033.06,419568.0,415060.0,388216.0
2016-07-22 15:00:00,3024.03,3024.33,3013.15,3007.46,469853.0,-10.88,-0.36,3024.34,3030.9,3034.16,410665.0,392618.0,397618.0
2016-07-22 14:00:00,3018.58,3025.0,3023.44,3011.98,299212.0,4.86,0.16,3030.85,3033.14,3036.23,383263.0,371468.0,396144.0
2016-07-22 11:30:00,3026.93,3031.96,3018.85,3018.81,294038.0,-8.08,-0.27,3035.93,3034.05,3037.6,395800.0,385933.0,395132.0
2016-07-22 10:30:00,3038.12,3039.27,3027.28,3022.35,552402.0,-10.84,-0.36,3038.8,3035.85,3039.32,436798.0,397146.0,399809.0
2016-07-21 15:00:00,3045.62,3047.18,3038.98,3034.99,437818.0,-6.64,-0.22,3039.11,3035.68,3040.66,410552.0,371774.0,403065.0
2016-07-21 14:00:00,3049.16,3053.33,3045.68,3044.45,332844.0,-3.48,-0.11,3037.45,3033.99,3041.39,374572.0,356422.0,406309.0
2016-07-21 11:30:00,3032.61,3050.05,3048.85,3032.47,361896.0,16.24,0.54,3035.44,3032.27,3041.52,359674.0,379337.0,404400.0
2016-07-21 10:30:00,3027.6,3042.03,3033.23,3027.6,499028.0,5.63,0.19,3032.18,3031.81,3041.54,376067.0,387062.0,403894.0
2016-07-20 15:00:00,3031.06,3037.1,3028.81,3026.89,421174.0,-2.25,-0.07,3032.91,3033.91,3042.37,357494.0,366932.0,411481.0
2016-07-20 14:00:00,3035.87,3038.1,3030.68,3030.68,257918.0,-5.19,-0.17,3032.26,3036.15,3043.94,332997.0,361373.0,418199.0
2016-07-20 11:30:00,3032.9,3035.7,3035.63,3022.96,258353.0,2.73,0.09,3030.53,3037.43,3045.32,338272.0,402617.0,427701.0
2016-07-20 10:30:00,3034.71,3043.0,3032.54,3029.95,443860.0,-2.17,-0.07,3029.09,3039.32,3046.57,399000.0,420820.0,436134.0
2016-07-19 15:00:00,3025.85,3037.13,3036.87,3017.74,406167.0,11.02,0.36,3031.44,3041.15,3047.56,398058.0,404330.0,469057.0
2016-07-19 14:00:00,3021.95,3032.11,3025.56,3014.57,298685.0,3.61,0.12,3034.92,3042.78,3048.15,376369.0,402473.0,491597.0
2016-07-19 11:30:00,3028.81,3033.87,3022.07,3021.43,284294.0,-6.74,-0.22,3040.04,3045.64,3047.91,389748.0,434355.0,496315.0
2016-07-19 10:30:00,3040.23,3043.53,3028.43,3021.97,561992.0,-11.8,-0.39,3044.33,3048.79,3046.57,466962.0,456197.0,509131.0
2016-07-18 15:00:00,3053.96,3053.96,3044.26,3039.05,439154.0,-9.7,-0.32,3049.55,3050.78,3045.77,442642.0,429464.0,521003.0
2016-07-18 14:00:00,3050.93,3056.97,3054.28,3048.16,297719.0,3.35,0.11,3050.86,3051.27,3043.31,410602.0,420725.0,528065.0
2016-07-18 11:30:00,3043.56,3051.15,3051.15,3031.71,365583.0,7.59,0.25,3050.64,3050.82,3041.11,428576.0,456030.0,534448.0
2016-07-18 10:30:00,3047.64,3058.32,3043.51,3041.36,670360.0,-4.13,-0.14,3051.25,3051.74,3039.29,478962.0,475026.0,540926.0
2016-07-15 15:00:00,3050.94,3061.09,3054.53,3049.87,440391.0,3.59,0.12,3053.25,3053.21,3037.12,445432.0,452786.0,544396.0
2016-07-15 14:00:00,3052.53,3055.19,3050.85,3044.54,278956.0,-1.68,-0.06,3052.01,3053.82,3033.82,416286.0,451448.0,544606.0
2016-07-15 11:30:00,3054.26,3060.0,3053.15,3045.34,387592.0,-1.11,-0.04,3051.67,3053.97,3030.89,430848.0,533785.0,544516.0
2016-07-15 10:30:00,3058.38,3062.67,3054.2,3050.49,617511.0,-4.18,-0.14,3051.0,3053.52,3027.78,483483.0,580721.0,540255.0
2016-07-14 15:00:00,3048.17,3054.14,3053.54,3036.58,502710.0,5.37,0.18,3052.23,3050.18,3024.64,471090.0,558275.0,542554.0
2016-07-14 14:00:00,3047.86,3053.61,3048.31,3045.91,294664.0,0.45,0.01,3053.16,3044.34,3022.8,460140.0,562066.0,543910.0
2016-07-14 11:30:00,3049.91,3051.77,3049.17,3042.77,351762.0,-0.74,-0.02,3055.64,3040.76,3020.95,486610.0,612541.0,545766.0
2016-07-14 10:30:00,3054.53,3056.78,3049.8,3045.37,650768.0,-4.73,-0.15,3056.26,3035.34,3018.6,636721.0,635405.0,554918.0
2016-07-13 15:00:00,3058.25,3062.74,3060.31,3048.2,555548.0,2.06,0.07,3056.04,3031.4,3016.72,677958.0,612867.0,563827.0
2016-07-13 14:00:00,3060.45,3067.41,3058.22,3057.75,447959.0,-2.23,-0.07,3048.12,3026.84,3014.54,645459.0,606825.0,563269.0
2016-07-13 11:30:00,3052.18,3061.62,3060.69,3051.54,427012.0,8.51,0.28,3035.52,3021.04,3011.67,663991.0,636005.0,559289.0
2016-07-13 10:30:00,3049.51,3068.68,3052.3,3049.33,1102320.0,2.79,0.09,3025.88,3013.82,3008.23,738472.0,637763.0,576100.0
2016-07-12 15:00:00,3021.32,3049.25,3048.7,3021.32,856953.0,27.38,0.91,3014.42,3007.82,3005.95,634089.0,555248.0,546785.0
2016-07-12 14:00:00,2994.88,3021.97,3020.71,2994.15,393052.0,25.83,0.86,3006.76,3002.04,3003.74,547776.0,499789.0,522498.0
2016-07-12 11:30:00,3012.04,3014.17,2995.2,2984.44,540620.0,-16.84,-0.56,3005.56,2999.1,3002.76,568191.0,526834.0,530258.0
2016-07-12 10:30:00,2992.52,3021.56,3012.5,2992.52,799418.0,19.98,0.67,3006.56,3001.26,3003.28,608019.0,525755.0,548992.0
2016-07-11 15:00:00,3010.3,3015.07,2995.0,2990.97,580403.0,-15.3,-0.51,3001.77,3001.13,3002.1,537054.0,478992.0,536992.0
2016-07-11 14:00:00,3015.27,3022.86,3010.38,3010.22,425388.0,-4.89,-0.16,3001.21,3001.85,3001.71,476406.0,474431.0,528015.0
2016-07-11 11:30:00,3000.47,3017.03,3014.7,3000.47,495126.0,14.23,0.47,2997.32,3002.04,3000.4,451803.0,514786.0,536067.0
2016-07-11 10:30:00,2993.75,3003.2,3000.24,2991.96,739762.0,6.49,0.22,2992.64,3002.24,2997.65,485477.0,519713.0,544673.0
2016-07-08 15:00:00,2992.82,2999.34,2988.51,2987.18,444590.0,-4.31,-0.14,2995.95,3002.29,2994.28,443490.0,482573.0,525364.0
2016-07-08 14:00:00,2990.68,2995.58,2992.24,2986.6,277163.0,1.56,0.05,3000.5,3002.64,2991.53,420930.0,514437.0,517360.0
2016-07-08 11:30:00,2991.68,2996.6,2990.9,2988.71,302373.0,-0.78,-0.03,3002.49,3004.07,2988.64,472456.0,538322.0,516741.0
2016-07-08 10:30:00,3000.33,3001.24,2991.32,2983.89,663499.0,-9.01,-0.3,3006.76,3005.45,2985.97,577770.0,545206.0,526917.0
2016-07-07 15:00:00,3011.34,3024.11,3016.77,3011.32,529825.0,5.43,0.18,3011.83,3006.43,2982.9,553950.0,533682.0,512925.0
2016-07-07 14:00:00,3002.51,3011.56,3011.25,3001.82,331788.0,8.74,0.29,3008.63,3005.31,2978.74,521655.0,572230.0,499587.0
2016-07-07 11:30:00,3012.0,3014.5,3002.19,2994.83,534793.0,-9.81,-0.33,3004.78,3003.08,2974.39,607945.0,594992.0,498979.0
2016-07-07 10:30:00,3009.46,3019.5,3012.28,3004.01,828944.0,2.82,0.09,3005.66,3001.56,2970.93,604189.0,581599.0,501079.0
2016-07-06 15:00:00,3012.56,3017.35,3016.66,3002.96,544398.0,4.1,0.14,3004.13,2998.76,2966.88,512641.0,557348.0,482401.0
2016-07-06 11:30:00,2991.27,3004.27,3000.76,2991.07,368354.0,9.49,0.32,3001.03,2993.07,2962.55,513414.0,569633.0,470798.0
2016-07-06 10:30:00,2998.52,3000.83,2992.01,2985.17,763236.0,-6.51,-0.22,3001.99,2986.27,2958.85,622804.0,568155.0,470735.0
2016-07-05 15:00:00,3004.69,3010.24,3006.58,2999.46,516012.0,1.89,0.06,3001.37,2980.42,2955.65,582039.0,520283.0,472269.0
2016-07-05 14:00:00,3000.66,3007.18,3004.63,2999.17,371207.0,3.97,0.13,2997.47,2973.2,2950.96,559009.0,495161.0,472974.0
2016-07-05 11:30:00,3005.02,3009.02,3001.17,2993.18,548263.0,-3.85,-0.13,2993.4,2966.5,2945.37,602056.0,508628.0,470988.0
2016-07-05 10:30:00,2991.75,3006.46,3005.57,2990.83,915300.0,13.82,0.46,2985.11,2959.37,2940.01,625852.0,492168.0,459271.0
2016-07-04 15:00:00,2988.0,2992.5,2988.91,2984.12,559414.0,0.91,0.03,2970.54,2952.16,2934.22,513506.0,426945.0,441426.0
2016-07-04 14:00:00,2984.46,2988.02,2987.05,2978.56,400863.0,2.59,0.09,2959.47,2945.69,2929.56,458527.0,402966.0,435524.0
2016-07-04 11:30:00,2960.08,2986.1,2984.3,2960.08,586438.0,24.22,0.82,2948.94,2940.29,2924.57,431312.0,420559.0,432471.0
2016-07-04 10:30:00,2924.29,2961.3,2959.74,2922.67,667246.0,35.45,1.21,2939.6,2935.0,2919.3,415201.0,407454.0,416212.0
2016-07-01 15:00:00,2934.11,2938.2,2932.72,2929.59,353569.0,-1.39,-0.05,2933.63,2932.03,2915.1,358484.0,371962.0,408973.0
2016-07-01 14:00:00,2934.34,2936.08,2933.52,2925.89,284520.0,-0.82,-0.03,2933.78,2931.44,2911.16,340384.0,373315.0,411733.0
2016-07-01 11:30:00,2938.3,2940.49,2934.42,2933.75,264788.0,-3.88,-0.13,2931.92,2930.89,2907.43,347405.0,424255.0,428608.0
2016-07-01 10:30:00,2931.99,2944.94,2937.58,2931.99,505880.0,5.59,0.19,2931.64,2928.72,2903.59,409806.0,450787.0,437632.0
2016-06-30 15:00:00,2934.12,2934.36,2929.91,2922.68,383665.0,-4.21,-0.14,2930.4,2924.24,2900.57,399708.0,433348.0,433827.0
2016-06-30 14:00:00,2924.47,2935.17,2933.45,2922.35,263068.0,8.98,0.31,2930.44,2920.64,2898.68,385440.0,426373.0,431576.0
2016-06-30 11:30:00,2933.14,2937.5,2924.25,2923.18,319626.0,-8.89,-0.3,2929.11,2916.28,2896.55,406245.0,455907.0,428482.0
2016-06-30 10:30:00,2931.51,2937.75,2933.03,2924.43,576789.0,1.52,0.05,2929.85,2913.43,2894.41,501105.0,468082.0,430066.0
2016-06-29 15:00:00,2929.99,2931.48,2931.37,2920.61,455394.0,1.38,0.05,2925.8,2908.85,2892.87,491768.0,444383.0,424640.0
2016-06-29 14:00:00,2926.46,2931.56,2930.09,2922.72,312322.0,3.63,0.12,2918.08,2903.6,2891.56,466987.0,424969.0,423347.0
2016-06-29 11:30:00,2927.87,2929.14,2926.79,2919.59,367095.0,-1.08,-0.04,2910.85,2898.16,2889.66,467307.0,445984.0,418175.0
2016-06-29 10:30:00,2918.53,2934.0,2927.99,2915.09,793927.0,9.46,0.32,2903.46,2890.89,2887.84,505569.0,450151.0,412816.0
2016-06-28 15:00:00,2892.79,2913.58,2912.75,2890.6,530100.0,19.96,0.69,2897.01,2883.98,2885.43,435059.0,432960.0,393301.0
2016-06-28 14:00:00,2894.56,2900.36,2892.8,2889.76,331493.0,-1.76,-0.06,2891.91,2878.46,2883.75,396998.0,424477.0,390306.0
2016-06-28 11:30:00,2890.28,2894.01,2893.9,2878.82,313918.0,3.62,0.13,2889.12,2876.9,2883.88,382951.0,434306.0,387634.0
2016-06-28 10:30:00,2884.85,2894.53,2889.87,2881.74,558405.0,5.02,0.17,2885.48,2876.71,2883.99,424660.0,436778.0,385630.0
2016-06-27 15:00:00,2887.72,2895.73,2895.73,2886.68,441378.0,8.01,0.28,2878.31,2876.82,2884.82,394733.0,401058.0,388729.0
2016-06-27 14:00:00,2878.76,2890.6,2887.26,2878.76,339795.0,8.5,0.3,2870.95,2875.39,2884.45,430861.0,392049.0,384426.0
2016-06-27 11:30:00,2875.29,2878.84,2878.84,2871.72,261259.0,3.55,0.12,2865.0,2876.89,2884.0,451957.0,404897.0,379375.0
2016-06-27 10:30:00,2840.56,2875.69,2875.69,2840.56,522465.0,35.13,1.24,2864.69,2879.51,2884.12,485661.0,421725.0,378234.0
2016-06-24 15:00:00,2859.74,2871.6,2854.02,2850.54,408769.0,-5.72,-0.2,2867.94,2881.16,2883.96,448896.0,390366.0,378726.0
2016-06-24 14:00:00,2857.58,2869.11,2858.92,2807.62,622016.0,1.34,0.05,2875.32,2884.8,2885.53,407382.0,375481.0,378897.0
2016-06-24 11:30:00,2877.26,2880.45,2857.54,2844.81,445274.0,-19.72,-0.69,2879.84,2886.89,2886.71,353237.0,353642.0,364654.0
2016-06-24 10:30:00,2883.76,2899.38,2877.27,2875.89,429782.0,-6.49,-0.23,2888.78,2889.04,2888.47,357837.0,356135.0,357975.0
2016-06-23 15:00:00,2890.98,2895.9,2891.95,2886.27,338638.0,0.97,0.03,2894.33,2890.85,2889.34,357788.0,340961.0,369031.0
2016-06-23 14:00:00,2881.55,2893.88,2890.94,2881.31,201199.0,9.39,0.33,2894.38,2891.27,2888.42,331836.0,334482.0,376026.0
2016-06-23 11:30:00,2901.72,2902.06,2881.5,2878.66,351292.0,-20.22,-0.7,2894.27,2892.81,2887.78,343579.0,376401.0,380822.0
2016-06-23 10:30:00,2902.4,2904.04,2902.25,2891.12,468274.0,-0.15,-0.01,2893.93,2893.5,2888.06,354046.0,376802.0,380781.0
2016-06-22 15:00:00,2892.09,2905.9,2905.03,2888.59,429537.0,12.94,0.45,2889.29,2891.11,2886.87,354432.0,353854.0,387910.0
2016-06-22 14:00:00,2891.43,2893.34,2892.19,2884.6,208876.0,0.76,0.03,2887.36,2888.72,2886.0,324135.0,334743.0,386527.0
2016-06-22 11:30:00,2879.75,2894.4,2890.37,2877.67,259918.0,10.62,0.37,2888.16,2886.76,2886.02,337128.0,367086.0,391647.0
2016-06-22 10:30:00,2872.73,2886.23,2879.83,2869.62,403626.0,7.1,0.25,2891.36,2886.27,2885.79,409222.0,382313.0,400659.0
2016-06-21 15:00:00,2895.17,2899.01,2879.04,2869.27,470204.0,-16.13,-0.56,2893.07,2886.53,2884.63,399558.0,375666.0,406019.0
2016-06-21 14:00:00,2896.29,2897.56,2895.36,2886.04,278049.0,-0.93,-0.03,2892.93,2887.9,2882.78,353276.0,359816.0,397539.0
2016-06-21 11:30:00,2905.99,2906.14,2896.22,2895.1,273842.0,-9.77,-0.34,2890.08,2887.84,2879.76,345351.0,397100.0,394105.0
2016-06-21 10:30:00,2898.38,2918.99,2906.36,2894.79,620388.0,7.98,0.28,2885.35,2885.57,2876.27,397043.0,417570.0,391611.0
2016-06-20 15:00:00,2878.43,2891.44,2888.39,2877.69,355309.0,9.96,0.35,2881.17,2882.75,2872.6,355404.0,385243.0,383731.0
2016-06-20 14:00:00,2880.08,2886.7,2878.32,2875.66,238790.0,-1.76,-0.06,2879.98,2882.61,2869.8,351773.0,384760.0,398344.0
2016-06-20 11:30:00,2872.17,2881.22,2881.12,2870.21,238427.0,8.95,0.31,2882.88,2882.64,2869.95,366356.0,421966.0,403505.0
2016-06-20 10:30:00,2887.64,2890.5,2872.57,2864.17,532302.0,-15.07,-0.52,2885.61,2883.28,2871.09,448849.0,438312.0,403052.0
2016-06-17 15:00:00,2882.51,2886.01,2885.45,2872.39,412192.0,2.94,0.1,2885.79,2885.28,2872.74,438098.0,416209.0,400010.0
2016-06-17 14:00:00,2892.34,2899.85,2882.43,2880.77,337156.0,-9.91,-0.34,2884.32,2885.31,2874.76,415083.0,419006.0,399492.0
2016-06-17 11:30:00,2894.56,2897.77,2892.81,2887.47,311703.0,-1.75,-0.06,2885.24,2882.73,2877.25,417747.0,436373.0,394535.0
2016-06-17 10:30:00,2873.01,2900.05,2894.77,2873.01,650891.0,21.76,0.76,2882.4,2877.67,2878.72,477577.0,435262.0,393431.0
2016-06-16 15:00:00,2878.49,2882.22,2873.47,2865.72,478547.0,-5.02,-0.17,2880.95,2871.67,2879.73,427775.0,391110.0,385714.0
2016-06-16 14:00:00,2887.09,2887.74,2878.14,2875.17,297116.0,-8.95,-0.31,2884.77,2866.97,2882.88,394321.0,365651.0,380240.0
2016-06-16 11:30:00,2878.63,2887.21,2887.02,2869.71,350476.0,8.39,0.29,2886.3,2862.45,2885.74,422929.0,382218.0,377181.0
2016-06-16 10:30:00,2878.4,2885.53,2878.59,2875.12,610853.0,0.19,0.01,2880.22,2857.0,2887.85,454999.0,411927.0,372902.0
2016-06-15 15:00:00,2892.91,2894.19,2887.54,2879.63,401884.0,-5.37,-0.19,2872.93,2857.26,2890.41,392948.0,385044.0,365276.0
2016-06-15 14:00:00,2885.78,2892.59,2892.54,2877.68,311276.0,6.76,0.23,2862.38,2858.9,2892.74,354445.0,367792.0,363210.0
2016-06-15 11:30:00,2855.62,2892.95,2885.81,2855.61,440155.0,30.19,1.06,2849.18,2860.2,2894.56,336982.0,383811.0,360824.0
2016-06-15 10:30:00,2814.44,2861.28,2856.61,2811.9,510828.0,42.17,1.5,2838.59,2864.2,2897.17,341507.0,379978.0,352305.0
2016-06-14 15:00:00,2834.58,2842.53,2842.17,2827.84,300597.0,7.59,0.27,2833.78,2871.76,2901.18,368856.0,352697.0,352973.0
2016-06-14 14:00:00,2826.0,2839.06,2834.79,2822.67,209371.0,8.79,0.31,2841.59,2879.78,2905.96,377140.0,351599.0,365087.0
2016-06-14 11:30:00,2832.79,2838.51,2826.52,2823.35,223958.0,-6.27,-0.22,2855.42,2887.8,2911.04,381140.0,380319.0,370153.0
2016-06-14 10:30:00,2824.23,2843.46,2832.86,2822.13,462782.0,8.63,0.31,2871.22,2898.8,2915.93,430640.0,394828.0,373935.0
2016-06-13 15:00:00,2881.22,2886.4,2832.54,2832.51,647571.0,-48.68,-1.69,2889.82,2909.03,2920.27,418449.0,372143.0,379057.0
2016-06-13 14:00:00,2904.23,2904.28,2881.22,2881.22,342017.0,-23.01,-0.79,2909.75,2918.71,2924.9,336538.0,333877.0,368818.0
2016-06-13 11:30:00,2905.44,2911.16,2903.96,2900.86,229370.0,-1.48,-0.05,2917.97,2923.56,2926.64,326058.0,345509.0,364808.0
2016-06-13 10:30:00,2897.27,2906.97,2905.5,2886.52,471458.0,8.23,0.28,2920.18,2926.57,2926.87,379498.0,358627.0,370295.0
2016-06-08 15:00:00,2932.76,2937.75,2925.86,2925.86,401828.0,-6.9,-0.24,2926.38,2928.92,2927.57,359017.0,337837.0,374269.0
2016-06-08 14:00:00,2922.66,2933.98,2932.19,2921.19,238017.0,9.53,0.33,2928.24,2930.13,2926.99,325838.0,324633.0,376464.0
2016-06-08 11:30:00,2914.93,2924.18,2922.34,2908.37,289616.0,7.41,0.25,2927.67,2930.6,2926.07,331216.0,353250.0,382268.0
2016-06-08 10:30:00,2932.38,2932.38,2915.02,2912.71,496569.0,-17.36,-0.59,2929.15,2932.14,2925.9,364960.0,378574.0,387360.0
2016-06-07 15:00:00,2935.45,2937.8,2936.47,2929.15,369053.0,1.02,0.03,2932.97,2934.27,2926.19,337756.0,359987.0,397081.0
2016-06-07 14:00:00,2929.79,2937.95,2935.17,2928.91,235934.0,5.38,0.18,2931.45,2933.07,2925.16,316658.0,353042.0,409674.0
2016-06-07 11:30:00,2931.29,2932.38,2929.33,2923.76,264909.0,-1.96,-0.07,2932.02,2931.52,2923.69,323428.0,385970.0,419776.0
2016-06-07 10:30:00,2936.28,2938.05,2929.78,2924.23,458333.0,-6.5,-0.22,2933.54,2931.1,2921.76,375284.0,403759.0,424551.0
2016-06-06 15:00:00,2928.75,2935.44,2934.09,2922.52,360553.0,5.34,0.18,2935.13,2929.72,2919.39,392189.0,384108.0,438073.0
2016-06-06 14:00:00,2937.39,2938.93,2928.9,2927.27,263562.0,-8.49,-0.29,2935.57,2927.17,2913.84,382218.0,381963.0,435832.0
2016-06-06 11:30:00,2937.03,2941.04,2938.0,2930.92,269784.0,0.97,0.03,2934.69,2926.23,2908.36,389426.0,410701.0,431192.0
2016-06-06 10:30:00,2940.99,2945.63,2936.93,2932.13,524186.0,-4.06,-0.14,2931.02,2923.85,2902.77,448512.0,428296.0,428528.0
2016-06-03 15:00:00,2936.88,2945.46,2937.75,2934.87,542861.0,0.87,0.03,2928.66,2921.54,2896.88,432234.0,411287.0,420244.0
2016-06-03 14:00:00,2924.57,2937.49,2936.29,2923.55,310696.0,11.72,0.4,2924.31,2919.66,2891.07,376027.0,396145.0,410657.0
2016-06-03 11:30:00,2920.65,2925.98,2924.49,2917.69,299604.0,3.84,0.13,2918.76,2918.11,2885.41,381709.0,434175.0,404801.0
2016-06-03 10:30:00,2929.79,2930.81,2919.65,2915.3,565214.0,-10.14,-0.35,2917.77,2917.24,2879.91,431975.0,466307.0,399667.0
2016-06-02 15:00:00,2915.28,2925.14,2925.14,2910.98,442796.0,9.86,0.34,2916.69,2915.86,2874.69,408080.0,453582.0,389092.0
2016-06-02 14:00:00,2907.06,2918.61,2915.96,2907.06,261823.0,8.9,0.31,2914.41,2912.42,2869.55,390340.0,445344.0,385223.0
2016-06-02 11:30:00,2919.23,2921.11,2908.56,2906.64,339107.0,-10.67,-0.37,2915.01,2909.06,2863.73,416264.0,492038.0,379594.0
2016-06-02 10:30:00,2910.78,2922.46,2919.56,2908.08,550937.0,8.78,0.3,2917.46,2900.51,2857.68,486641.0,489700.0,372474.0
2016-06-01 15:00:00,2914.1,2922.2,2914.22,2913.36,445735.0,0.12,0.0,2916.7,2890.49,2851.31,500638.0,451683.0,366582.0
2016-06-01 14:00:00,2918.78,2925.0,2913.76,2910.84,354097.0,-5.02,-0.17,2915.04,2881.69,2846.21,499085.0,428760.0,354570.0
2016-06-01 11:30:00,2920.61,2928.98,2918.94,2916.8,391444.0,-1.67,-0.06,2910.43,2872.22,2841.98,500347.0,429202.0,345559.0
2016-06-01 10:30:00,2916.69,2924.2,2920.84,2909.57,690992.0,4.15,0.14,2903.11,2862.49,2837.55,567811.0,425169.0,345442.0
2016-05-31 15:00:00,2905.2,2916.83,2915.76,2903.96,620922.0,10.56,0.36,2883.55,2852.71,2832.63,492760.0,375427.0,325801.0
2016-05-31 14:00:00,2891.15,2905.9,2905.9,2891.07,437971.0,14.75,0.51,2864.27,2842.58,2827.56,402729.0,333028.0,303268.0
